{
    "dev": {
        "app_function": "app.app",
        "aws_environment_variables": {
          "ENDPOINT_NAME": "object-detection-2019-01-05-23-14-23-715"
        },
        "aws_region": "us-east-2",
        "debug": "true",
        "environment_variables": {
          "ENDPOINT_NAME": "object-detection-2019-01-05-23-14-23-715"
        },
        "profile_name": "default",
        "project_name": "lambda",
        "runtime": "python2.7",
        "s3_bucket": "mcwhirter-ship-detection-zappa",
        "slim_handler": true
    }
}
